errorGroups.id,httpRequest.latency,httpRequest.protocol,httpRequest.remoteIp,httpRequest.requestMethod,httpRequest.requestSize,httpRequest.requestUrl,httpRequest.responseSize,httpRequest.serverIp,httpRequest.status,httpRequest.userAgent,insertId,"'labels.""goog-managed-by""",labels.instanceId,"'labels.""run.googleapis.com/base_image_versions""",labels.scaling_reason,logName,protoPayload.authenticationInfo.principalEmail,protoPayload.authorizationInfo.granted,protoPayload.authorizationInfo.permission,protoPayload.authorizationInfo.permissionType,protoPayload.authorizationInfo.resource,protoPayload.authorizationInfo.resourceAttributes,protoPayload.methodName,protoPayload.requestMetadata.destinationAttributes,protoPayload.requestMetadata.requestAttributes.auth,protoPayload.requestMetadata.requestAttributes.time,protoPayload.resourceLocation.currentLocations,protoPayload.resourceName,"'protoPayload.response.@type",protoPayload.response.apiVersion,protoPayload.response.kind,"'protoPayload.response.metadata.annotations.""autoscaling.knative.dev/maxScale""","'protoPayload.response.metadata.annotations.""cloudfunctions.googleapis.com/function-id""","'protoPayload.response.metadata.annotations.""cloudfunctions.googleapis.com/trigger-type""","'protoPayload.response.metadata.annotations.""run.googleapis.com/base-images""","'protoPayload.response.metadata.annotations.""run.googleapis.com/build-base-image""","'protoPayload.response.metadata.annotations.""run.googleapis.com/build-enable-automatic-updates""","'protoPayload.response.metadata.annotations.""run.googleapis.com/build-function-target""","'protoPayload.response.metadata.annotations.""run.googleapis.com/build-id""","'protoPayload.response.metadata.annotations.""run.googleapis.com/build-image-uri""","'protoPayload.response.metadata.annotations.""run.googleapis.com/build-name""","'protoPayload.response.metadata.annotations.""run.googleapis.com/build-service-account""","'protoPayload.response.metadata.annotations.""run.googleapis.com/build-source-location""","'protoPayload.response.metadata.annotations.""run.googleapis.com/client-name""","'protoPayload.response.metadata.annotations.""run.googleapis.com/custom-audiences""","'protoPayload.response.metadata.annotations.""run.googleapis.com/ingress""","'protoPayload.response.metadata.annotations.""run.googleapis.com/ingress-status""","'protoPayload.response.metadata.annotations.""run.googleapis.com/operation-id""","'protoPayload.response.metadata.annotations.""run.googleapis.com/startup-cpu-boost""","'protoPayload.response.metadata.annotations.""run.googleapis.com/urls""","'protoPayload.response.metadata.annotations.""serving.knative.dev/creator""","'protoPayload.response.metadata.annotations.""serving.knative.dev/lastModifier""",protoPayload.response.metadata.creationTimestamp,protoPayload.response.metadata.generation,"'protoPayload.response.metadata.labels.""cloud.googleapis.com/location""","'protoPayload.response.metadata.labels.""goog-cloudfunctions-runtime""","'protoPayload.response.metadata.labels.""goog-drz-cloudfunctions-id""","'protoPayload.response.metadata.labels.""goog-drz-cloudfunctions-location""","'protoPayload.response.metadata.labels.""goog-managed-by""","'protoPayload.response.metadata.labels.""run.googleapis.com/startupProbeType""","'protoPayload.response.metadata.labels.""serving.knative.dev/configuration""","'protoPayload.response.metadata.labels.""serving.knative.dev/configurationGeneration""","'protoPayload.response.metadata.labels.""serving.knative.dev/route""","'protoPayload.response.metadata.labels.""serving.knative.dev/service""","'protoPayload.response.metadata.labels.""serving.knative.dev/serviceUid""",protoPayload.response.metadata.name,protoPayload.response.metadata.namespace,protoPayload.response.metadata.ownerReferences,protoPayload.response.metadata.resourceVersion,protoPayload.response.metadata.selfLink,protoPayload.response.metadata.uid,protoPayload.response.spec.containerConcurrency,protoPayload.response.spec.containers,protoPayload.response.spec.runtimeClassName,protoPayload.response.spec.serviceAccountName,"'protoPayload.response.spec.template.metadata.annotations.""autoscaling.knative.dev/maxScale""","'protoPayload.response.spec.template.metadata.annotations.""cloudfunctions.googleapis.com/trigger-type""","'protoPayload.response.spec.template.metadata.annotations.""run.googleapis.com/base-images""","'protoPayload.response.spec.template.metadata.annotations.""run.googleapis.com/client-name""","'protoPayload.response.spec.template.metadata.annotations.""run.googleapis.com/startup-cpu-boost""","'protoPayload.response.spec.template.metadata.labels.""run.googleapis.com/startupProbeType""",protoPayload.response.spec.template.metadata.name,protoPayload.response.spec.template.spec.containerConcurrency,protoPayload.response.spec.template.spec.containers,protoPayload.response.spec.template.spec.runtimeClassName,protoPayload.response.spec.template.spec.serviceAccountName,protoPayload.response.spec.template.spec.timeoutSeconds,protoPayload.response.spec.timeoutSeconds,protoPayload.response.spec.traffic,protoPayload.response.status.address.url,protoPayload.response.status.conditions,protoPayload.response.status.containerStatuses,protoPayload.response.status.imageDigest,protoPayload.response.status.latestCreatedRevisionName,protoPayload.response.status.latestReadyRevisionName,protoPayload.response.status.logUrl,protoPayload.response.status.observedGeneration,protoPayload.response.status.traffic,protoPayload.response.status.url,protoPayload.serviceName,protoPayload.status.message,receiveLocation,receiveTimestamp,resource.labels.configuration_name,resource.labels.location,resource.labels.project_id,resource.labels.revision_name,resource.labels.service_name,resource.type,severity,spanId,textPayload,timestamp,trace,traceSampled
,,,,,,,,,,,68a39fb2000c7252c4c6f8ea,cloudfunctions,0069c7a98820aa7e59108fdb6415fb00672e075f65595f5231cd088bda36a2a87d446b6efb5041529ffb90a33e2f2ea8558ed6df5a98c722f27504e88ee95147003961bbf6d3654522ccec6c8a640f,"'us-docker.pkg.dev/serverless-runtimes/google-22-full/runtimes/python311:python311_20250810_3_11_13_RC00",,"'projects/ora-automation-project-dev/logs/run.googleapis.com%2Fstderr",,,,,,,,,,,,,,,,,,,,,,,,,,,,,,,,,,,,,,,,,,,,,,,,,,,,,,,,,,,,,,,,,,,,,,,,,,,,,,,,,,,,,,,"'2025-08-18T21:48:35.082752501Z","'shipstation-order-uploader","'us-central1","'ora-automation-project-dev","'shipstation-order-uploader-00001-wix","'shipstation-order-uploader",cloud_run_revision,,,"'2025-08-18 21:48:34,816 - main - CRITICAL - {'message': 'Failed to retrieve ShipStation API credentials', 'action': 'exiting', 'severity_detail': 'critical_failure'}","'2025-08-18T21:48:34.815698Z",,
,,,,,,,,,,,68a39fb2000c724d1e82e064,cloudfunctions,0069c7a98820aa7e59108fdb6415fb00672e075f65595f5231cd088bda36a2a87d446b6efb5041529ffb90a33e2f2ea8558ed6df5a98c722f27504e88ee95147003961bbf6d3654522ccec6c8a640f,"'us-docker.pkg.dev/serverless-runtimes/google-22-full/runtimes/python311:python311_20250810_3_11_13_RC00",,"'projects/ora-automation-project-dev/logs/run.googleapis.com%2Fstderr",,,,,,,,,,,,,,,,,,,,,,,,,,,,,,,,,,,,,,,,,,,,,,,,,,,,,,,,,,,,,,,,,,,,,,,,,,,,,,,,,,,,,,,"'2025-08-18T21:48:35.082752501Z","'shipstation-order-uploader","'us-central1","'ora-automation-project-dev","'shipstation-order-uploader-00001-wix","'shipstation-order-uploader",cloud_run_revision,,,"'google.api_core.exceptions.PermissionDenied: 403 Permission 'secretmanager.versions.access' denied for resource 'projects/ora-automation-project/secrets/shipstation-api-secret/versions/latest' (or it may not exist).","'2025-08-18T21:48:34.815693Z",,
,,,,,,,,,,,68a39fb2000c7248b716c6d5,cloudfunctions,0069c7a98820aa7e59108fdb6415fb00672e075f65595f5231cd088bda36a2a87d446b6efb5041529ffb90a33e2f2ea8558ed6df5a98c722f27504e88ee95147003961bbf6d3654522ccec6c8a640f,"'us-docker.pkg.dev/serverless-runtimes/google-22-full/runtimes/python311:python311_20250810_3_11_13_RC00",,"'projects/ora-automation-project-dev/logs/run.googleapis.com%2Fstderr",,,,,,,,,,,,,,,,,,,,,,,,,,,,,,,,,,,,,,,,,,,,,,,,,,,,,,,,,,,,,,,,,,,,,,,,,,,,,,,,,,,,,,,"'2025-08-18T21:48:35.082752501Z","'shipstation-order-uploader","'us-central1","'ora-automation-project-dev","'shipstation-order-uploader-00001-wix","'shipstation-order-uploader",cloud_run_revision,,,"    raise exceptions.from_grpc_error(exc) from exc","'2025-08-18T21:48:34.815688Z",,
,,,,,,,,,,,68a39fb2000c7244336ec8ca,cloudfunctions,0069c7a98820aa7e59108fdb6415fb00672e075f65595f5231cd088bda36a2a87d446b6efb5041529ffb90a33e2f2ea8558ed6df5a98c722f27504e88ee95147003961bbf6d3654522ccec6c8a640f,"'us-docker.pkg.dev/serverless-runtimes/google-22-full/runtimes/python311:python311_20250810_3_11_13_RC00",,"'projects/ora-automation-project-dev/logs/run.googleapis.com%2Fstderr",,,,,,,,,,,,,,,,,,,,,,,,,,,,,,,,,,,,,,,,,,,,,,,,,,,,,,,,,,,,,,,,,,,,,,,,,,,,,,,,,,,,,,,"'2025-08-18T21:48:35.082752501Z","'shipstation-order-uploader","'us-central1","'ora-automation-project-dev","'shipstation-order-uploader-00001-wix","'shipstation-order-uploader",cloud_run_revision,,,"'  File ""/layers/google.python.pip/pip/lib/python3.11/site-packages/google/api_core/grpc_helpers.py"", line 78, in error_remapped_callable","'2025-08-18T21:48:34.815684Z",,
,,,,,,,,,,,68a39fb2000c72405d96c56b,cloudfunctions,0069c7a98820aa7e59108fdb6415fb00672e075f65595f5231cd088bda36a2a87d446b6efb5041529ffb90a33e2f2ea8558ed6df5a98c722f27504e88ee95147003961bbf6d3654522ccec6c8a640f,"'us-docker.pkg.dev/serverless-runtimes/google-22-full/runtimes/python311:python311_20250810_3_11_13_RC00",,"'projects/ora-automation-project-dev/logs/run.googleapis.com%2Fstderr",,,,,,,,,,,,,,,,,,,,,,,,,,,,,,,,,,,,,,,,,,,,,,,,,,,,,,,,,,,,,,,,,,,,,,,,,,,,,,,,,,,,,,,"'2025-08-18T21:48:35.082752501Z","'shipstation-order-uploader","'us-central1","'ora-automation-project-dev","'shipstation-order-uploader-00001-wix","'shipstation-order-uploader",cloud_run_revision,,,"           ^^^^^^^^^^^^^^^^^^^^^","'2025-08-18T21:48:34.815680Z",,
,,,,,,,,,,,68a39fb2000c723c7759406e,cloudfunctions,0069c7a98820aa7e59108fdb6415fb00672e075f65595f5231cd088bda36a2a87d446b6efb5041529ffb90a33e2f2ea8558ed6df5a98c722f27504e88ee95147003961bbf6d3654522ccec6c8a640f,"'us-docker.pkg.dev/serverless-runtimes/google-22-full/runtimes/python311:python311_20250810_3_11_13_RC00",,"'projects/ora-automation-project-dev/logs/run.googleapis.com%2Fstderr",,,,,,,,,,,,,,,,,,,,,,,,,,,,,,,,,,,,,,,,,,,,,,,,,,,,,,,,,,,,,,,,,,,,,,,,,,,,,,,,,,,,,,,"'2025-08-18T21:48:35.082752501Z","'shipstation-order-uploader","'us-central1","'ora-automation-project-dev","'shipstation-order-uploader-00001-wix","'shipstation-order-uploader",cloud_run_revision,,,"'    return func(*args, **kwargs)","'2025-08-18T21:48:34.815676Z",,
,,,,,,,,,,,68a39fb2000c72377448c248,cloudfunctions,0069c7a98820aa7e59108fdb6415fb00672e075f65595f5231cd088bda36a2a87d446b6efb5041529ffb90a33e2f2ea8558ed6df5a98c722f27504e88ee95147003961bbf6d3654522ccec6c8a640f,"'us-docker.pkg.dev/serverless-runtimes/google-22-full/runtimes/python311:python311_20250810_3_11_13_RC00",,"'projects/ora-automation-project-dev/logs/run.googleapis.com%2Fstderr",,,,,,,,,,,,,,,,,,,,,,,,,,,,,,,,,,,,,,,,,,,,,,,,,,,,,,,,,,,,,,,,,,,,,,,,,,,,,,,,,,,,,,,"'2025-08-18T21:48:35.082752501Z","'shipstation-order-uploader","'us-central1","'ora-automation-project-dev","'shipstation-order-uploader-00001-wix","'shipstation-order-uploader",cloud_run_revision,,,"'  File ""/layers/google.python.pip/pip/lib/python3.11/site-packages/google/api_core/timeout.py"", line 130, in func_with_timeout","'2025-08-18T21:48:34.815671Z",,
,,,,,,,,,,,68a39fb2000c72335e021ef5,cloudfunctions,0069c7a98820aa7e59108fdb6415fb00672e075f65595f5231cd088bda36a2a87d446b6efb5041529ffb90a33e2f2ea8558ed6df5a98c722f27504e88ee95147003961bbf6d3654522ccec6c8a640f,"'us-docker.pkg.dev/serverless-runtimes/google-22-full/runtimes/python311:python311_20250810_3_11_13_RC00",,"'projects/ora-automation-project-dev/logs/run.googleapis.com%2Fstderr",,,,,,,,,,,,,,,,,,,,,,,,,,,,,,,,,,,,,,,,,,,,,,,,,,,,,,,,,,,,,,,,,,,,,,,,,,,,,,,,,,,,,,,"'2025-08-18T21:48:35.082752501Z","'shipstation-order-uploader","'us-central1","'ora-automation-project-dev","'shipstation-order-uploader-00001-wix","'shipstation-order-uploader",cloud_run_revision,,,"             ^^^^^^^^","'2025-08-18T21:48:34.815667Z",,
,,,,,,,,,,,68a39fb2000c722f78b78b22,cloudfunctions,0069c7a98820aa7e59108fdb6415fb00672e075f65595f5231cd088bda36a2a87d446b6efb5041529ffb90a33e2f2ea8558ed6df5a98c722f27504e88ee95147003961bbf6d3654522ccec6c8a640f,"'us-docker.pkg.dev/serverless-runtimes/google-22-full/runtimes/python311:python311_20250810_3_11_13_RC00",,"'projects/ora-automation-project-dev/logs/run.googleapis.com%2Fstderr",,,,,,,,,,,,,,,,,,,,,,,,,,,,,,,,,,,,,,,,,,,,,,,,,,,,,,,,,,,,,,,,,,,,,,,,,,,,,,,,,,,,,,,"'2025-08-18T21:48:35.082752501Z","'shipstation-order-uploader","'us-central1","'ora-automation-project-dev","'shipstation-order-uploader-00001-wix","'shipstation-order-uploader",cloud_run_revision,,,"'    result = target()","'2025-08-18T21:48:34.815663Z",,
,,,,,,,,,,,68a39fb2000c722c81a1a881,cloudfunctions,0069c7a98820aa7e59108fdb6415fb00672e075f65595f5231cd088bda36a2a87d446b6efb5041529ffb90a33e2f2ea8558ed6df5a98c722f27504e88ee95147003961bbf6d3654522ccec6c8a640f,"'us-docker.pkg.dev/serverless-runtimes/google-22-full/runtimes/python311:python311_20250810_3_11_13_RC00",,"'projects/ora-automation-project-dev/logs/run.googleapis.com%2Fstderr",,,,,,,,,,,,,,,,,,,,,,,,,,,,,,,,,,,,,,,,,,,,,,,,,,,,,,,,,,,,,,,,,,,,,,,,,,,,,,,,,,,,,,,"'2025-08-18T21:48:35.082752501Z","'shipstation-order-uploader","'us-central1","'ora-automation-project-dev","'shipstation-order-uploader-00001-wix","'shipstation-order-uploader",cloud_run_revision,,,"'  File ""/layers/google.python.pip/pip/lib/python3.11/site-packages/google/api_core/retry/retry_unary.py"", line 147, in retry_target","'2025-08-18T21:48:34.815660Z",,
,,,,,,,,,,,68a39fb2000c72271342be35,cloudfunctions,0069c7a98820aa7e59108fdb6415fb00672e075f65595f5231cd088bda36a2a87d446b6efb5041529ffb90a33e2f2ea8558ed6df5a98c722f27504e88ee95147003961bbf6d3654522ccec6c8a640f,"'us-docker.pkg.dev/serverless-runtimes/google-22-full/runtimes/python311:python311_20250810_3_11_13_RC00",,"'projects/ora-automation-project-dev/logs/run.googleapis.com%2Fstderr",,,,,,,,,,,,,,,,,,,,,,,,,,,,,,,,,,,,,,,,,,,,,,,,,,,,,,,,,,,,,,,,,,,,,,,,,,,,,,,,,,,,,,,"'2025-08-18T21:48:35.082752501Z","'shipstation-order-uploader","'us-central1","'ora-automation-project-dev","'shipstation-order-uploader-00001-wix","'shipstation-order-uploader",cloud_run_revision,,,"    raise final_exc from source_exc","'2025-08-18T21:48:34.815655Z",,
,,,,,,,,,,,68a39fb2000c7222fcf95d56,cloudfunctions,0069c7a98820aa7e59108fdb6415fb00672e075f65595f5231cd088bda36a2a87d446b6efb5041529ffb90a33e2f2ea8558ed6df5a98c722f27504e88ee95147003961bbf6d3654522ccec6c8a640f,"'us-docker.pkg.dev/serverless-runtimes/google-22-full/runtimes/python311:python311_20250810_3_11_13_RC00",,"'projects/ora-automation-project-dev/logs/run.googleapis.com%2Fstderr",,,,,,,,,,,,,,,,,,,,,,,,,,,,,,,,,,,,,,,,,,,,,,,,,,,,,,,,,,,,,,,,,,,,,,,,,,,,,,,,,,,,,,,"'2025-08-18T21:48:35.082752501Z","'shipstation-order-uploader","'us-central1","'ora-automation-project-dev","'shipstation-order-uploader-00001-wix","'shipstation-order-uploader",cloud_run_revision,,,"'  File ""/layers/google.python.pip/pip/lib/python3.11/site-packages/google/api_core/retry/retry_base.py"", line 214, in _retry_error_helper","'2025-08-18T21:48:34.815650Z",,
,,,,,,,,,,,68a39fb2000c721ea120c913,cloudfunctions,0069c7a98820aa7e59108fdb6415fb00672e075f65595f5231cd088bda36a2a87d446b6efb5041529ffb90a33e2f2ea8558ed6df5a98c722f27504e88ee95147003961bbf6d3654522ccec6c8a640f,"'us-docker.pkg.dev/serverless-runtimes/google-22-full/runtimes/python311:python311_20250810_3_11_13_RC00",,"'projects/ora-automation-project-dev/logs/run.googleapis.com%2Fstderr",,,,,,,,,,,,,,,,,,,,,,,,,,,,,,,,,,,,,,,,,,,,,,,,,,,,,,,,,,,,,,,,,,,,,,,,,,,,,,,,,,,,,,,"'2025-08-18T21:48:35.082752501Z","'shipstation-order-uploader","'us-central1","'ora-automation-project-dev","'shipstation-order-uploader-00001-wix","'shipstation-order-uploader",cloud_run_revision,,,"                 ^^^^^^^^^^^^^^^^^^^^","'2025-08-18T21:48:34.815646Z",,
,,,,,,,,,,,68a39fb2000c7219fc81d01b,cloudfunctions,0069c7a98820aa7e59108fdb6415fb00672e075f65595f5231cd088bda36a2a87d446b6efb5041529ffb90a33e2f2ea8558ed6df5a98c722f27504e88ee95147003961bbf6d3654522ccec6c8a640f,"'us-docker.pkg.dev/serverless-runtimes/google-22-full/runtimes/python311:python311_20250810_3_11_13_RC00",,"'projects/ora-automation-project-dev/logs/run.googleapis.com%2Fstderr",,,,,,,,,,,,,,,,,,,,,,,,,,,,,,,,,,,,,,,,,,,,,,,,,,,,,,,,,,,,,,,,,,,,,,,,,,,,,,,,,,,,,,,"'2025-08-18T21:48:35.082752501Z","'shipstation-order-uploader","'us-central1","'ora-automation-project-dev","'shipstation-order-uploader-00001-wix","'shipstation-order-uploader",cloud_run_revision,,,"'    next_sleep = _retry_error_helper(","'2025-08-18T21:48:34.815641Z",,
,,,,,,,,,,,68a39fb2000c7215c56fb979,cloudfunctions,0069c7a98820aa7e59108fdb6415fb00672e075f65595f5231cd088bda36a2a87d446b6efb5041529ffb90a33e2f2ea8558ed6df5a98c722f27504e88ee95147003961bbf6d3654522ccec6c8a640f,"'us-docker.pkg.dev/serverless-runtimes/google-22-full/runtimes/python311:python311_20250810_3_11_13_RC00",,"'projects/ora-automation-project-dev/logs/run.googleapis.com%2Fstderr",,,,,,,,,,,,,,,,,,,,,,,,,,,,,,,,,,,,,,,,,,,,,,,,,,,,,,,,,,,,,,,,,,,,,,,,,,,,,,,,,,,,,,,"'2025-08-18T21:48:35.082752501Z","'shipstation-order-uploader","'us-central1","'ora-automation-project-dev","'shipstation-order-uploader-00001-wix","'shipstation-order-uploader",cloud_run_revision,,,"'  File ""/layers/google.python.pip/pip/lib/python3.11/site-packages/google/api_core/retry/retry_unary.py"", line 156, in retry_target","'2025-08-18T21:48:34.815637Z",,
,,,,,,,,,,,68a39fb2000c7210939be501,cloudfunctions,0069c7a98820aa7e59108fdb6415fb00672e075f65595f5231cd088bda36a2a87d446b6efb5041529ffb90a33e2f2ea8558ed6df5a98c722f27504e88ee95147003961bbf6d3654522ccec6c8a640f,"'us-docker.pkg.dev/serverless-runtimes/google-22-full/runtimes/python311:python311_20250810_3_11_13_RC00",,"'projects/ora-automation-project-dev/logs/run.googleapis.com%2Fstderr",,,,,,,,,,,,,,,,,,,,,,,,,,,,,,,,,,,,,,,,,,,,,,,,,,,,,,,,,,,,,,,,,,,,,,,,,,,,,,,,,,,,,,,"'2025-08-18T21:48:35.082752501Z","'shipstation-order-uploader","'us-central1","'ora-automation-project-dev","'shipstation-order-uploader-00001-wix","'shipstation-order-uploader",cloud_run_revision,,,"           ^^^^^^^^^^^^^","'2025-08-18T21:48:34.815632Z",,
,,,,,,,,,,,68a39fb2000c720c1a41b2dd,cloudfunctions,0069c7a98820aa7e59108fdb6415fb00672e075f65595f5231cd088bda36a2a87d446b6efb5041529ffb90a33e2f2ea8558ed6df5a98c722f27504e88ee95147003961bbf6d3654522ccec6c8a640f,"'us-docker.pkg.dev/serverless-runtimes/google-22-full/runtimes/python311:python311_20250810_3_11_13_RC00",,"'projects/ora-automation-project-dev/logs/run.googleapis.com%2Fstderr",,,,,,,,,,,,,,,,,,,,,,,,,,,,,,,,,,,,,,,,,,,,,,,,,,,,,,,,,,,,,,,,,,,,,,,,,,,,,,,,,,,,,,,"'2025-08-18T21:48:35.082752501Z","'shipstation-order-uploader","'us-central1","'ora-automation-project-dev","'shipstation-order-uploader-00001-wix","'shipstation-order-uploader",cloud_run_revision,,,"    return retry_target(","'2025-08-18T21:48:34.815628Z",,
,,,,,,,,,,,68a39fb2000c7208f58968bc,cloudfunctions,0069c7a98820aa7e59108fdb6415fb00672e075f65595f5231cd088bda36a2a87d446b6efb5041529ffb90a33e2f2ea8558ed6df5a98c722f27504e88ee95147003961bbf6d3654522ccec6c8a640f,"'us-docker.pkg.dev/serverless-runtimes/google-22-full/runtimes/python311:python311_20250810_3_11_13_RC00",,"'projects/ora-automation-project-dev/logs/run.googleapis.com%2Fstderr",,,,,,,,,,,,,,,,,,,,,,,,,,,,,,,,,,,,,,,,,,,,,,,,,,,,,,,,,,,,,,,,,,,,,,,,,,,,,,,,,,,,,,,"'2025-08-18T21:48:35.082752501Z","'shipstation-order-uploader","'us-central1","'ora-automation-project-dev","'shipstation-order-uploader-00001-wix","'shipstation-order-uploader",cloud_run_revision,,,"'  File ""/layers/google.python.pip/pip/lib/python3.11/site-packages/google/api_core/retry/retry_unary.py"", line 294, in retry_wrapped_func","'2025-08-18T21:48:34.815624Z",,
,,,,,,,,,,,68a39fb2000c7203246826cc,cloudfunctions,0069c7a98820aa7e59108fdb6415fb00672e075f65595f5231cd088bda36a2a87d446b6efb5041529ffb90a33e2f2ea8558ed6df5a98c722f27504e88ee95147003961bbf6d3654522ccec6c8a640f,"'us-docker.pkg.dev/serverless-runtimes/google-22-full/runtimes/python311:python311_20250810_3_11_13_RC00",,"'projects/ora-automation-project-dev/logs/run.googleapis.com%2Fstderr",,,,,,,,,,,,,,,,,,,,,,,,,,,,,,,,,,,,,,,,,,,,,,,,,,,,,,,,,,,,,,,,,,,,,,,,,,,,,,,,,,,,,,,"'2025-08-18T21:48:35.082752501Z","'shipstation-order-uploader","'us-central1","'ora-automation-project-dev","'shipstation-order-uploader-00001-wix","'shipstation-order-uploader",cloud_run_revision,,,"           ^^^^^^^^^^^^^^^^^^^^^^^^^^^^^","'2025-08-18T21:48:34.815619Z",,
,,,,,,,,,,,68a39fb2000c71fec8885e1a,cloudfunctions,0069c7a98820aa7e59108fdb6415fb00672e075f65595f5231cd088bda36a2a87d446b6efb5041529ffb90a33e2f2ea8558ed6df5a98c722f27504e88ee95147003961bbf6d3654522ccec6c8a640f,"'us-docker.pkg.dev/serverless-runtimes/google-22-full/runtimes/python311:python311_20250810_3_11_13_RC00",,"'projects/ora-automation-project-dev/logs/run.googleapis.com%2Fstderr",,,,,,,,,,,,,,,,,,,,,,,,,,,,,,,,,,,,,,,,,,,,,,,,,,,,,,,,,,,,,,,,,,,,,,,,,,,,,,,,,,,,,,,"'2025-08-18T21:48:35.082752501Z","'shipstation-order-uploader","'us-central1","'ora-automation-project-dev","'shipstation-order-uploader-00001-wix","'shipstation-order-uploader",cloud_run_revision,,,"'    return wrapped_func(*args, **kwargs)","'2025-08-18T21:48:34.815614Z",,
,,,,,,,,,,,68a39fb2000c71fa7c259ad5,cloudfunctions,0069c7a98820aa7e59108fdb6415fb00672e075f65595f5231cd088bda36a2a87d446b6efb5041529ffb90a33e2f2ea8558ed6df5a98c722f27504e88ee95147003961bbf6d3654522ccec6c8a640f,"'us-docker.pkg.dev/serverless-runtimes/google-22-full/runtimes/python311:python311_20250810_3_11_13_RC00",,"'projects/ora-automation-project-dev/logs/run.googleapis.com%2Fstderr",,,,,,,,,,,,,,,,,,,,,,,,,,,,,,,,,,,,,,,,,,,,,,,,,,,,,,,,,,,,,,,,,,,,,,,,,,,,,,,,,,,,,,,"'2025-08-18T21:48:35.082752501Z","'shipstation-order-uploader","'us-central1","'ora-automation-project-dev","'shipstation-order-uploader-00001-wix","'shipstation-order-uploader",cloud_run_revision,,,"'  File ""/layers/google.python.pip/pip/lib/python3.11/site-packages/google/api_core/gapic_v1/method.py"", line 131, in __call__","'2025-08-18T21:48:34.815610Z",,
,,,,,,,,,,,68a39fb2000c71f46cb9c126,cloudfunctions,0069c7a98820aa7e59108fdb6415fb00672e075f65595f5231cd088bda36a2a87d446b6efb5041529ffb90a33e2f2ea8558ed6df5a98c722f27504e88ee95147003961bbf6d3654522ccec6c8a640f,"'us-docker.pkg.dev/serverless-runtimes/google-22-full/runtimes/python311:python311_20250810_3_11_13_RC00",,"'projects/ora-automation-project-dev/logs/run.googleapis.com%2Fstderr",,,,,,,,,,,,,,,,,,,,,,,,,,,,,,,,,,,,,,,,,,,,,,,,,,,,,,,,,,,,,,,,,,,,,,,,,,,,,,,,,,,,,,,"'2025-08-18T21:48:35.082752501Z","'shipstation-order-uploader","'us-central1","'ora-automation-project-dev","'shipstation-order-uploader-00001-wix","'shipstation-order-uploader",cloud_run_revision,,,"               ^^^^","'2025-08-18T21:48:34.815604Z",,
,,,,,,,,,,,68a39fb2000c71ef4acd6031,cloudfunctions,0069c7a98820aa7e59108fdb6415fb00672e075f65595f5231cd088bda36a2a87d446b6efb5041529ffb90a33e2f2ea8558ed6df5a98c722f27504e88ee95147003961bbf6d3654522ccec6c8a640f,"'us-docker.pkg.dev/serverless-runtimes/google-22-full/runtimes/python311:python311_20250810_3_11_13_RC00",,"'projects/ora-automation-project-dev/logs/run.googleapis.com%2Fstderr",,,,,,,,,,,,,,,,,,,,,,,,,,,,,,,,,,,,,,,,,,,,,,,,,,,,,,,,,,,,,,,,,,,,,,,,,,,,,,,,,,,,,,,"'2025-08-18T21:48:35.082752501Z","'shipstation-order-uploader","'us-central1","'ora-automation-project-dev","'shipstation-order-uploader-00001-wix","'shipstation-order-uploader",cloud_run_revision,,,"'    response = rpc(","'2025-08-18T21:48:34.815599Z",,
,,,,,,,,,,,68a39fb2000c71eb169966c8,cloudfunctions,0069c7a98820aa7e59108fdb6415fb00672e075f65595f5231cd088bda36a2a87d446b6efb5041529ffb90a33e2f2ea8558ed6df5a98c722f27504e88ee95147003961bbf6d3654522ccec6c8a640f,"'us-docker.pkg.dev/serverless-runtimes/google-22-full/runtimes/python311:python311_20250810_3_11_13_RC00",,"'projects/ora-automation-project-dev/logs/run.googleapis.com%2Fstderr",,,,,,,,,,,,,,,,,,,,,,,,,,,,,,,,,,,,,,,,,,,,,,,,,,,,,,,,,,,,,,,,,,,,,,,,,,,,,,,,,,,,,,,"'2025-08-18T21:48:35.082752501Z","'shipstation-order-uploader","'us-central1","'ora-automation-project-dev","'shipstation-order-uploader-00001-wix","'shipstation-order-uploader",cloud_run_revision,,,"'  File ""/layers/google.python.pip/pip/lib/python3.11/site-packages/google/cloud/secretmanager_v1/services/secret_manager_service/client.py"", line 1857, in access_secret_version","'2025-08-18T21:48:34.815595Z",,
,,,,,,,,,,,68a39fb2000c71e691c1c2de,cloudfunctions,0069c7a98820aa7e59108fdb6415fb00672e075f65595f5231cd088bda36a2a87d446b6efb5041529ffb90a33e2f2ea8558ed6df5a98c722f27504e88ee95147003961bbf6d3654522ccec6c8a640f,"'us-docker.pkg.dev/serverless-runtimes/google-22-full/runtimes/python311:python311_20250810_3_11_13_RC00",,"'projects/ora-automation-project-dev/logs/run.googleapis.com%2Fstderr",,,,,,,,,,,,,,,,,,,,,,,,,,,,,,,,,,,,,,,,,,,,,,,,,,,,,,,,,,,,,,,,,,,,,,,,,,,,,,,,,,,,,,,"'2025-08-18T21:48:35.082752501Z","'shipstation-order-uploader","'us-central1","'ora-automation-project-dev","'shipstation-order-uploader-00001-wix","'shipstation-order-uploader",cloud_run_revision,,,"               ^^^^^^^^^^^^^^^^^^^^^^^^^^^^^^^^^^^^^^^^^^^^^^^^^^^^","'2025-08-18T21:48:34.815590Z",,
"'[""CKKkt-DF0Z-NgwE""]",,,,,,,,,,,68a39fb2000c71e1e70a9e96,cloudfunctions,0069c7a98820aa7e59108fdb6415fb00672e075f65595f5231cd088bda36a2a87d446b6efb5041529ffb90a33e2f2ea8558ed6df5a98c722f27504e88ee95147003961bbf6d3654522ccec6c8a640f,"'us-docker.pkg.dev/serverless-runtimes/google-22-full/runtimes/python311:python311_20250810_3_11_13_RC00",,"'projects/ora-automation-project-dev/logs/run.googleapis.com%2Fstderr",,,,,,,,,,,,,,,,,,,,,,,,,,,,,,,,,,,,,,,,,,,,,,,,,,,,,,,,,,,,,,,,,,,,,,,,,,,,,,,,,,,,,,,"'2025-08-18T21:48:35.082752501Z","'shipstation-order-uploader","'us-central1","'ora-automation-project-dev","'shipstation-order-uploader-00001-wix","'shipstation-order-uploader",cloud_run_revision,ERROR,,"'Traceback (most recent call last):
  File ""/workspace/src/services/gcp/secret_manager.py"", line 47, in access_secret_version
    response = client.access_secret_version(request={""name"": name})","'2025-08-18T21:48:34.815585Z",,
,,,,,,,,,,,68a39fb2000c71b1f8a88988,cloudfunctions,0069c7a98820aa7e59108fdb6415fb00672e075f65595f5231cd088bda36a2a87d446b6efb5041529ffb90a33e2f2ea8558ed6df5a98c722f27504e88ee95147003961bbf6d3654522ccec6c8a640f,"'us-docker.pkg.dev/serverless-runtimes/google-22-full/runtimes/python311:python311_20250810_3_11_13_RC00",,"'projects/ora-automation-project-dev/logs/run.googleapis.com%2Fstderr",,,,,,,,,,,,,,,,,,,,,,,,,,,,,,,,,,,,,,,,,,,,,,,,,,,,,,,,,,,,,,,,,,,,,,,,,,,,,,,,,,,,,,,"'2025-08-18T21:48:35.082752501Z","'shipstation-order-uploader","'us-central1","'ora-automation-project-dev","'shipstation-order-uploader-00001-wix","'shipstation-order-uploader",cloud_run_revision,,,"'2025-08-18 21:48:34,815 - src.services.gcp.secret_manager - CRITICAL - An unexpected error occurred while accessing secret 'shipstation-api-secret': 403 Permission 'secretmanager.versions.access' denied for resource 'projects/ora-automation-project/secrets/shipstation-api-secret/versions/latest' (or it may not exist).","'2025-08-18T21:48:34.815537Z",,
,,,,,,,,,,,68a39fb2000b3f110fa6535a,cloudfunctions,0069c7a98820aa7e59108fdb6415fb00672e075f65595f5231cd088bda36a2a87d446b6efb5041529ffb90a33e2f2ea8558ed6df5a98c722f27504e88ee95147003961bbf6d3654522ccec6c8a640f,"'us-docker.pkg.dev/serverless-runtimes/google-22-full/runtimes/python311:python311_20250810_3_11_13_RC00",,"'projects/ora-automation-project-dev/logs/run.googleapis.com%2Fstderr",,,,,,,,,,,,,,,,,,,,,,,,,,,,,,,,,,,,,,,,,,,,,,,,,,,,,,,,,,,,,,,,,,,,,,,,,,,,,,,,,,,,,,,"'2025-08-18T21:48:34.749858944Z","'shipstation-order-uploader","'us-central1","'ora-automation-project-dev","'shipstation-order-uploader-00001-wix","'shipstation-order-uploader",cloud_run_revision,,,"'google.api_core.exceptions.PermissionDenied: 403 Permission 'secretmanager.versions.access' denied for resource 'projects/ora-automation-project/secrets/shipstation-api-key/versions/latest' (or it may not exist).","'2025-08-18T21:48:34.737041Z",,
,,,,,,,,,,,68a39fb2000b3f0de30a99f6,cloudfunctions,0069c7a98820aa7e59108fdb6415fb00672e075f65595f5231cd088bda36a2a87d446b6efb5041529ffb90a33e2f2ea8558ed6df5a98c722f27504e88ee95147003961bbf6d3654522ccec6c8a640f,"'us-docker.pkg.dev/serverless-runtimes/google-22-full/runtimes/python311:python311_20250810_3_11_13_RC00",,"'projects/ora-automation-project-dev/logs/run.googleapis.com%2Fstderr",,,,,,,,,,,,,,,,,,,,,,,,,,,,,,,,,,,,,,,,,,,,,,,,,,,,,,,,,,,,,,,,,,,,,,,,,,,,,,,,,,,,,,,"'2025-08-18T21:48:34.749858944Z","'shipstation-order-uploader","'us-central1","'ora-automation-project-dev","'shipstation-order-uploader-00001-wix","'shipstation-order-uploader",cloud_run_revision,,,"    raise exceptions.from_grpc_error(exc) from exc","'2025-08-18T21:48:34.737037Z",,
,,,,,,,,,,,68a39fb2000b3f0ae3f55497,cloudfunctions,0069c7a98820aa7e59108fdb6415fb00672e075f65595f5231cd088bda36a2a87d446b6efb5041529ffb90a33e2f2ea8558ed6df5a98c722f27504e88ee95147003961bbf6d3654522ccec6c8a640f,"'us-docker.pkg.dev/serverless-runtimes/google-22-full/runtimes/python311:python311_20250810_3_11_13_RC00",,"'projects/ora-automation-project-dev/logs/run.googleapis.com%2Fstderr",,,,,,,,,,,,,,,,,,,,,,,,,,,,,,,,,,,,,,,,,,,,,,,,,,,,,,,,,,,,,,,,,,,,,,,,,,,,,,,,,,,,,,,"'2025-08-18T21:48:34.749858944Z","'shipstation-order-uploader","'us-central1","'ora-automation-project-dev","'shipstation-order-uploader-00001-wix","'shipstation-order-uploader",cloud_run_revision,,,"'  File ""/layers/google.python.pip/pip/lib/python3.11/site-packages/google/api_core/grpc_helpers.py"", line 78, in error_remapped_callable","'2025-08-18T21:48:34.737034Z",,
,,,,,,,,,,,68a39fb2000b3f06e76a5808,cloudfunctions,0069c7a98820aa7e59108fdb6415fb00672e075f65595f5231cd088bda36a2a87d446b6efb5041529ffb90a33e2f2ea8558ed6df5a98c722f27504e88ee95147003961bbf6d3654522ccec6c8a640f,"'us-docker.pkg.dev/serverless-runtimes/google-22-full/runtimes/python311:python311_20250810_3_11_13_RC00",,"'projects/ora-automation-project-dev/logs/run.googleapis.com%2Fstderr",,,,,,,,,,,,,,,,,,,,,,,,,,,,,,,,,,,,,,,,,,,,,,,,,,,,,,,,,,,,,,,,,,,,,,,,,,,,,,,,,,,,,,,"'2025-08-18T21:48:34.749858944Z","'shipstation-order-uploader","'us-central1","'ora-automation-project-dev","'shipstation-order-uploader-00001-wix","'shipstation-order-uploader",cloud_run_revision,,,"           ^^^^^^^^^^^^^^^^^^^^^","'2025-08-18T21:48:34.737030Z",,
,,,,,,,,,,,68a39fb2000b3f0343ea8b79,cloudfunctions,0069c7a98820aa7e59108fdb6415fb00672e075f65595f5231cd088bda36a2a87d446b6efb5041529ffb90a33e2f2ea8558ed6df5a98c722f27504e88ee95147003961bbf6d3654522ccec6c8a640f,"'us-docker.pkg.dev/serverless-runtimes/google-22-full/runtimes/python311:python311_20250810_3_11_13_RC00",,"'projects/ora-automation-project-dev/logs/run.googleapis.com%2Fstderr",,,,,,,,,,,,,,,,,,,,,,,,,,,,,,,,,,,,,,,,,,,,,,,,,,,,,,,,,,,,,,,,,,,,,,,,,,,,,,,,,,,,,,,"'2025-08-18T21:48:34.749858944Z","'shipstation-order-uploader","'us-central1","'ora-automation-project-dev","'shipstation-order-uploader-00001-wix","'shipstation-order-uploader",cloud_run_revision,,,"'    return func(*args, **kwargs)","'2025-08-18T21:48:34.737027Z",,
,,,,,,,,,,,68a39fb2000b3f002e42d3f6,cloudfunctions,0069c7a98820aa7e59108fdb6415fb00672e075f65595f5231cd088bda36a2a87d446b6efb5041529ffb90a33e2f2ea8558ed6df5a98c722f27504e88ee95147003961bbf6d3654522ccec6c8a640f,"'us-docker.pkg.dev/serverless-runtimes/google-22-full/runtimes/python311:python311_20250810_3_11_13_RC00",,"'projects/ora-automation-project-dev/logs/run.googleapis.com%2Fstderr",,,,,,,,,,,,,,,,,,,,,,,,,,,,,,,,,,,,,,,,,,,,,,,,,,,,,,,,,,,,,,,,,,,,,,,,,,,,,,,,,,,,,,,"'2025-08-18T21:48:34.749858944Z","'shipstation-order-uploader","'us-central1","'ora-automation-project-dev","'shipstation-order-uploader-00001-wix","'shipstation-order-uploader",cloud_run_revision,,,"'  File ""/layers/google.python.pip/pip/lib/python3.11/site-packages/google/api_core/timeout.py"", line 130, in func_with_timeout","'2025-08-18T21:48:34.737024Z",,
,,,,,,,,,,,68a39fb2000b3efc0ba1b123,cloudfunctions,0069c7a98820aa7e59108fdb6415fb00672e075f65595f5231cd088bda36a2a87d446b6efb5041529ffb90a33e2f2ea8558ed6df5a98c722f27504e88ee95147003961bbf6d3654522ccec6c8a640f,"'us-docker.pkg.dev/serverless-runtimes/google-22-full/runtimes/python311:python311_20250810_3_11_13_RC00",,"'projects/ora-automation-project-dev/logs/run.googleapis.com%2Fstderr",,,,,,,,,,,,,,,,,,,,,,,,,,,,,,,,,,,,,,,,,,,,,,,,,,,,,,,,,,,,,,,,,,,,,,,,,,,,,,,,,,,,,,,"'2025-08-18T21:48:34.749858944Z","'shipstation-order-uploader","'us-central1","'ora-automation-project-dev","'shipstation-order-uploader-00001-wix","'shipstation-order-uploader",cloud_run_revision,,,"             ^^^^^^^^","'2025-08-18T21:48:34.737020Z",,
,,,,,,,,,,,68a39fb2000b3ef982971522,cloudfunctions,0069c7a98820aa7e59108fdb6415fb00672e075f65595f5231cd088bda36a2a87d446b6efb5041529ffb90a33e2f2ea8558ed6df5a98c722f27504e88ee95147003961bbf6d3654522ccec6c8a640f,"'us-docker.pkg.dev/serverless-runtimes/google-22-full/runtimes/python311:python311_20250810_3_11_13_RC00",,"'projects/ora-automation-project-dev/logs/run.googleapis.com%2Fstderr",,,,,,,,,,,,,,,,,,,,,,,,,,,,,,,,,,,,,,,,,,,,,,,,,,,,,,,,,,,,,,,,,,,,,,,,,,,,,,,,,,,,,,,"'2025-08-18T21:48:34.749858944Z","'shipstation-order-uploader","'us-central1","'ora-automation-project-dev","'shipstation-order-uploader-00001-wix","'shipstation-order-uploader",cloud_run_revision,,,"'    result = target()","'2025-08-18T21:48:34.737017Z",,
,,,,,,,,,,,68a39fb2000b3ef6b475cf29,cloudfunctions,0069c7a98820aa7e59108fdb6415fb00672e075f65595f5231cd088bda36a2a87d446b6efb5041529ffb90a33e2f2ea8558ed6df5a98c722f27504e88ee95147003961bbf6d3654522ccec6c8a640f,"'us-docker.pkg.dev/serverless-runtimes/google-22-full/runtimes/python311:python311_20250810_3_11_13_RC00",,"'projects/ora-automation-project-dev/logs/run.googleapis.com%2Fstderr",,,,,,,,,,,,,,,,,,,,,,,,,,,,,,,,,,,,,,,,,,,,,,,,,,,,,,,,,,,,,,,,,,,,,,,,,,,,,,,,,,,,,,,"'2025-08-18T21:48:34.749858944Z","'shipstation-order-uploader","'us-central1","'ora-automation-project-dev","'shipstation-order-uploader-00001-wix","'shipstation-order-uploader",cloud_run_revision,,,"'  File ""/layers/google.python.pip/pip/lib/python3.11/site-packages/google/api_core/retry/retry_unary.py"", line 147, in retry_target","'2025-08-18T21:48:34.737014Z",,
,,,,,,,,,,,68a39fb2000b3ef32cec0e68,cloudfunctions,0069c7a98820aa7e59108fdb6415fb00672e075f65595f5231cd088bda36a2a87d446b6efb5041529ffb90a33e2f2ea8558ed6df5a98c722f27504e88ee95147003961bbf6d3654522ccec6c8a640f,"'us-docker.pkg.dev/serverless-runtimes/google-22-full/runtimes/python311:python311_20250810_3_11_13_RC00",,"'projects/ora-automation-project-dev/logs/run.googleapis.com%2Fstderr",,,,,,,,,,,,,,,,,,,,,,,,,,,,,,,,,,,,,,,,,,,,,,,,,,,,,,,,,,,,,,,,,,,,,,,,,,,,,,,,,,,,,,,"'2025-08-18T21:48:34.749858944Z","'shipstation-order-uploader","'us-central1","'ora-automation-project-dev","'shipstation-order-uploader-00001-wix","'shipstation-order-uploader",cloud_run_revision,,,"    raise final_exc from source_exc","'2025-08-18T21:48:34.737011Z",,
,,,,,,,,,,,68a39fb2000b3ef0254460f3,cloudfunctions,0069c7a98820aa7e59108fdb6415fb00672e075f65595f5231cd088bda36a2a87d446b6efb5041529ffb90a33e2f2ea8558ed6df5a98c722f27504e88ee95147003961bbf6d3654522ccec6c8a640f,"'us-docker.pkg.dev/serverless-runtimes/google-22-full/runtimes/python311:python311_20250810_3_11_13_RC00",,"'projects/ora-automation-project-dev/logs/run.googleapis.com%2Fstderr",,,,,,,,,,,,,,,,,,,,,,,,,,,,,,,,,,,,,,,,,,,,,,,,,,,,,,,,,,,,,,,,,,,,,,,,,,,,,,,,,,,,,,,"'2025-08-18T21:48:34.749858944Z","'shipstation-order-uploader","'us-central1","'ora-automation-project-dev","'shipstation-order-uploader-00001-wix","'shipstation-order-uploader",cloud_run_revision,,,"'  File ""/layers/google.python.pip/pip/lib/python3.11/site-packages/google/api_core/retry/retry_base.py"", line 214, in _retry_error_helper","'2025-08-18T21:48:34.737008Z",,
,,,,,,,,,,,68a39fb2000b3eeccfbaf56a,cloudfunctions,0069c7a98820aa7e59108fdb6415fb00672e075f65595f5231cd088bda36a2a87d446b6efb5041529ffb90a33e2f2ea8558ed6df5a98c722f27504e88ee95147003961bbf6d3654522ccec6c8a640f,"'us-docker.pkg.dev/serverless-runtimes/google-22-full/runtimes/python311:python311_20250810_3_11_13_RC00",,"'projects/ora-automation-project-dev/logs/run.googleapis.com%2Fstderr",,,,,,,,,,,,,,,,,,,,,,,,,,,,,,,,,,,,,,,,,,,,,,,,,,,,,,,,,,,,,,,,,,,,,,,,,,,,,,,,,,,,,,,"'2025-08-18T21:48:34.749858944Z","'shipstation-order-uploader","'us-central1","'ora-automation-project-dev","'shipstation-order-uploader-00001-wix","'shipstation-order-uploader",cloud_run_revision,,,"                 ^^^^^^^^^^^^^^^^^^^^","'2025-08-18T21:48:34.737004Z",,
,,,,,,,,,,,68a39fb2000b3ee94b4b0724,cloudfunctions,0069c7a98820aa7e59108fdb6415fb00672e075f65595f5231cd088bda36a2a87d446b6efb5041529ffb90a33e2f2ea8558ed6df5a98c722f27504e88ee95147003961bbf6d3654522ccec6c8a640f,"'us-docker.pkg.dev/serverless-runtimes/google-22-full/runtimes/python311:python311_20250810_3_11_13_RC00",,"'projects/ora-automation-project-dev/logs/run.googleapis.com%2Fstderr",,,,,,,,,,,,,,,,,,,,,,,,,,,,,,,,,,,,,,,,,,,,,,,,,,,,,,,,,,,,,,,,,,,,,,,,,,,,,,,,,,,,,,,"'2025-08-18T21:48:34.749858944Z","'shipstation-order-uploader","'us-central1","'ora-automation-project-dev","'shipstation-order-uploader-00001-wix","'shipstation-order-uploader",cloud_run_revision,,,"'    next_sleep = _retry_error_helper(","'2025-08-18T21:48:34.737001Z",,
,,,,,,,,,,,68a39fb2000b3ee63a96bc44,cloudfunctions,0069c7a98820aa7e59108fdb6415fb00672e075f65595f5231cd088bda36a2a87d446b6efb5041529ffb90a33e2f2ea8558ed6df5a98c722f27504e88ee95147003961bbf6d3654522ccec6c8a640f,"'us-docker.pkg.dev/serverless-runtimes/google-22-full/runtimes/python311:python311_20250810_3_11_13_RC00",,"'projects/ora-automation-project-dev/logs/run.googleapis.com%2Fstderr",,,,,,,,,,,,,,,,,,,,,,,,,,,,,,,,,,,,,,,,,,,,,,,,,,,,,,,,,,,,,,,,,,,,,,,,,,,,,,,,,,,,,,,"'2025-08-18T21:48:34.749858944Z","'shipstation-order-uploader","'us-central1","'ora-automation-project-dev","'shipstation-order-uploader-00001-wix","'shipstation-order-uploader",cloud_run_revision,,,"'  File ""/layers/google.python.pip/pip/lib/python3.11/site-packages/google/api_core/retry/retry_unary.py"", line 156, in retry_target","'2025-08-18T21:48:34.736998Z",,
,,,,,,,,,,,68a39fb2000b3ee245229879,cloudfunctions,0069c7a98820aa7e59108fdb6415fb00672e075f65595f5231cd088bda36a2a87d446b6efb5041529ffb90a33e2f2ea8558ed6df5a98c722f27504e88ee95147003961bbf6d3654522ccec6c8a640f,"'us-docker.pkg.dev/serverless-runtimes/google-22-full/runtimes/python311:python311_20250810_3_11_13_RC00",,"'projects/ora-automation-project-dev/logs/run.googleapis.com%2Fstderr",,,,,,,,,,,,,,,,,,,,,,,,,,,,,,,,,,,,,,,,,,,,,,,,,,,,,,,,,,,,,,,,,,,,,,,,,,,,,,,,,,,,,,,"'2025-08-18T21:48:34.749858944Z","'shipstation-order-uploader","'us-central1","'ora-automation-project-dev","'shipstation-order-uploader-00001-wix","'shipstation-order-uploader",cloud_run_revision,,,"           ^^^^^^^^^^^^^","'2025-08-18T21:48:34.736994Z",,
,,,,,,,,,,,68a39fb2000b3edf257a4292,cloudfunctions,0069c7a98820aa7e59108fdb6415fb00672e075f65595f5231cd088bda36a2a87d446b6efb5041529ffb90a33e2f2ea8558ed6df5a98c722f27504e88ee95147003961bbf6d3654522ccec6c8a640f,"'us-docker.pkg.dev/serverless-runtimes/google-22-full/runtimes/python311:python311_20250810_3_11_13_RC00",,"'projects/ora-automation-project-dev/logs/run.googleapis.com%2Fstderr",,,,,,,,,,,,,,,,,,,,,,,,,,,,,,,,,,,,,,,,,,,,,,,,,,,,,,,,,,,,,,,,,,,,,,,,,,,,,,,,,,,,,,,"'2025-08-18T21:48:34.749858944Z","'shipstation-order-uploader","'us-central1","'ora-automation-project-dev","'shipstation-order-uploader-00001-wix","'shipstation-order-uploader",cloud_run_revision,,,"    return retry_target(","'2025-08-18T21:48:34.736991Z",,
,,,,,,,,,,,68a39fb2000b3edc09bec870,cloudfunctions,0069c7a98820aa7e59108fdb6415fb00672e075f65595f5231cd088bda36a2a87d446b6efb5041529ffb90a33e2f2ea8558ed6df5a98c722f27504e88ee95147003961bbf6d3654522ccec6c8a640f,"'us-docker.pkg.dev/serverless-runtimes/google-22-full/runtimes/python311:python311_20250810_3_11_13_RC00",,"'projects/ora-automation-project-dev/logs/run.googleapis.com%2Fstderr",,,,,,,,,,,,,,,,,,,,,,,,,,,,,,,,,,,,,,,,,,,,,,,,,,,,,,,,,,,,,,,,,,,,,,,,,,,,,,,,,,,,,,,"'2025-08-18T21:48:34.749858944Z","'shipstation-order-uploader","'us-central1","'ora-automation-project-dev","'shipstation-order-uploader-00001-wix","'shipstation-order-uploader",cloud_run_revision,,,"'  File ""/layers/google.python.pip/pip/lib/python3.11/site-packages/google/api_core/retry/retry_unary.py"", line 294, in retry_wrapped_func","'2025-08-18T21:48:34.736988Z",,
,,,,,,,,,,,68a39fb2000b3ed811d2cade,cloudfunctions,0069c7a98820aa7e59108fdb6415fb00672e075f65595f5231cd088bda36a2a87d446b6efb5041529ffb90a33e2f2ea8558ed6df5a98c722f27504e88ee95147003961bbf6d3654522ccec6c8a640f,"'us-docker.pkg.dev/serverless-runtimes/google-22-full/runtimes/python311:python311_20250810_3_11_13_RC00",,"'projects/ora-automation-project-dev/logs/run.googleapis.com%2Fstderr",,,,,,,,,,,,,,,,,,,,,,,,,,,,,,,,,,,,,,,,,,,,,,,,,,,,,,,,,,,,,,,,,,,,,,,,,,,,,,,,,,,,,,,"'2025-08-18T21:48:34.749858944Z","'shipstation-order-uploader","'us-central1","'ora-automation-project-dev","'shipstation-order-uploader-00001-wix","'shipstation-order-uploader",cloud_run_revision,,,"           ^^^^^^^^^^^^^^^^^^^^^^^^^^^^^","'2025-08-18T21:48:34.736984Z",,
,,,,,,,,,,,68a39fb2000b3ed57185513d,cloudfunctions,0069c7a98820aa7e59108fdb6415fb00672e075f65595f5231cd088bda36a2a87d446b6efb5041529ffb90a33e2f2ea8558ed6df5a98c722f27504e88ee95147003961bbf6d3654522ccec6c8a640f,"'us-docker.pkg.dev/serverless-runtimes/google-22-full/runtimes/python311:python311_20250810_3_11_13_RC00",,"'projects/ora-automation-project-dev/logs/run.googleapis.com%2Fstderr",,,,,,,,,,,,,,,,,,,,,,,,,,,,,,,,,,,,,,,,,,,,,,,,,,,,,,,,,,,,,,,,,,,,,,,,,,,,,,,,,,,,,,,"'2025-08-18T21:48:34.749858944Z","'shipstation-order-uploader","'us-central1","'ora-automation-project-dev","'shipstation-order-uploader-00001-wix","'shipstation-order-uploader",cloud_run_revision,,,"'    return wrapped_func(*args, **kwargs)","'2025-08-18T21:48:34.736981Z",,
,,,,,,,,,,,68a39fb2000b3ed10f417f0f,cloudfunctions,0069c7a98820aa7e59108fdb6415fb00672e075f65595f5231cd088bda36a2a87d446b6efb5041529ffb90a33e2f2ea8558ed6df5a98c722f27504e88ee95147003961bbf6d3654522ccec6c8a640f,"'us-docker.pkg.dev/serverless-runtimes/google-22-full/runtimes/python311:python311_20250810_3_11_13_RC00",,"'projects/ora-automation-project-dev/logs/run.googleapis.com%2Fstderr",,,,,,,,,,,,,,,,,,,,,,,,,,,,,,,,,,,,,,,,,,,,,,,,,,,,,,,,,,,,,,,,,,,,,,,,,,,,,,,,,,,,,,,"'2025-08-18T21:48:34.749858944Z","'shipstation-order-uploader","'us-central1","'ora-automation-project-dev","'shipstation-order-uploader-00001-wix","'shipstation-order-uploader",cloud_run_revision,,,"'  File ""/layers/google.python.pip/pip/lib/python3.11/site-packages/google/api_core/gapic_v1/method.py"", line 131, in __call__","'2025-08-18T21:48:34.736977Z",,
,,,,,,,,,,,68a39fb2000b3ece8c2e3d1b,cloudfunctions,0069c7a98820aa7e59108fdb6415fb00672e075f65595f5231cd088bda36a2a87d446b6efb5041529ffb90a33e2f2ea8558ed6df5a98c722f27504e88ee95147003961bbf6d3654522ccec6c8a640f,"'us-docker.pkg.dev/serverless-runtimes/google-22-full/runtimes/python311:python311_20250810_3_11_13_RC00",,"'projects/ora-automation-project-dev/logs/run.googleapis.com%2Fstderr",,,,,,,,,,,,,,,,,,,,,,,,,,,,,,,,,,,,,,,,,,,,,,,,,,,,,,,,,,,,,,,,,,,,,,,,,,,,,,,,,,,,,,,"'2025-08-18T21:48:34.749858944Z","'shipstation-order-uploader","'us-central1","'ora-automation-project-dev","'shipstation-order-uploader-00001-wix","'shipstation-order-uploader",cloud_run_revision,,,"               ^^^^","'2025-08-18T21:48:34.736974Z",,
,,,,,,,,,,,68a39fb2000b3ecaecc9f112,cloudfunctions,0069c7a98820aa7e59108fdb6415fb00672e075f65595f5231cd088bda36a2a87d446b6efb5041529ffb90a33e2f2ea8558ed6df5a98c722f27504e88ee95147003961bbf6d3654522ccec6c8a640f,"'us-docker.pkg.dev/serverless-runtimes/google-22-full/runtimes/python311:python311_20250810_3_11_13_RC00",,"'projects/ora-automation-project-dev/logs/run.googleapis.com%2Fstderr",,,,,,,,,,,,,,,,,,,,,,,,,,,,,,,,,,,,,,,,,,,,,,,,,,,,,,,,,,,,,,,,,,,,,,,,,,,,,,,,,,,,,,,"'2025-08-18T21:48:34.749858944Z","'shipstation-order-uploader","'us-central1","'ora-automation-project-dev","'shipstation-order-uploader-00001-wix","'shipstation-order-uploader",cloud_run_revision,,,"'    response = rpc(","'2025-08-18T21:48:34.736970Z",,
,,,,,,,,,,,68a39fb2000b3ec749007259,cloudfunctions,0069c7a98820aa7e59108fdb6415fb00672e075f65595f5231cd088bda36a2a87d446b6efb5041529ffb90a33e2f2ea8558ed6df5a98c722f27504e88ee95147003961bbf6d3654522ccec6c8a640f,"'us-docker.pkg.dev/serverless-runtimes/google-22-full/runtimes/python311:python311_20250810_3_11_13_RC00",,"'projects/ora-automation-project-dev/logs/run.googleapis.com%2Fstderr",,,,,,,,,,,,,,,,,,,,,,,,,,,,,,,,,,,,,,,,,,,,,,,,,,,,,,,,,,,,,,,,,,,,,,,,,,,,,,,,,,,,,,,"'2025-08-18T21:48:34.749858944Z","'shipstation-order-uploader","'us-central1","'ora-automation-project-dev","'shipstation-order-uploader-00001-wix","'shipstation-order-uploader",cloud_run_revision,,,"'  File ""/layers/google.python.pip/pip/lib/python3.11/site-packages/google/cloud/secretmanager_v1/services/secret_manager_service/client.py"", line 1857, in access_secret_version","'2025-08-18T21:48:34.736967Z",,
,,,,,,,,,,,68a39fb2000b3ec28351163c,cloudfunctions,0069c7a98820aa7e59108fdb6415fb00672e075f65595f5231cd088bda36a2a87d446b6efb5041529ffb90a33e2f2ea8558ed6df5a98c722f27504e88ee95147003961bbf6d3654522ccec6c8a640f,"'us-docker.pkg.dev/serverless-runtimes/google-22-full/runtimes/python311:python311_20250810_3_11_13_RC00",,"'projects/ora-automation-project-dev/logs/run.googleapis.com%2Fstderr",,,,,,,,,,,,,,,,,,,,,,,,,,,,,,,,,,,,,,,,,,,,,,,,,,,,,,,,,,,,,,,,,,,,,,,,,,,,,,,,,,,,,,,"'2025-08-18T21:48:34.749858944Z","'shipstation-order-uploader","'us-central1","'ora-automation-project-dev","'shipstation-order-uploader-00001-wix","'shipstation-order-uploader",cloud_run_revision,,,"               ^^^^^^^^^^^^^^^^^^^^^^^^^^^^^^^^^^^^^^^^^^^^^^^^^^^^","'2025-08-18T21:48:34.736962Z",,
"'[""CKKkt-DF0Z-NgwE""]",,,,,,,,,,,68a39fb2000b3ebf70e4b0c2,cloudfunctions,0069c7a98820aa7e59108fdb6415fb00672e075f65595f5231cd088bda36a2a87d446b6efb5041529ffb90a33e2f2ea8558ed6df5a98c722f27504e88ee95147003961bbf6d3654522ccec6c8a640f,"'us-docker.pkg.dev/serverless-runtimes/google-22-full/runtimes/python311:python311_20250810_3_11_13_RC00",,"'projects/ora-automation-project-dev/logs/run.googleapis.com%2Fstderr",,,,,,,,,,,,,,,,,,,,,,,,,,,,,,,,,,,,,,,,,,,,,,,,,,,,,,,,,,,,,,,,,,,,,,,,,,,,,,,,,,,,,,,"'2025-08-18T21:48:34.749858944Z","'shipstation-order-uploader","'us-central1","'ora-automation-project-dev","'shipstation-order-uploader-00001-wix","'shipstation-order-uploader",cloud_run_revision,ERROR,,"'Traceback (most recent call last):
  File ""/workspace/src/services/gcp/secret_manager.py"", line 47, in access_secret_version
    response = client.access_secret_version(request={""name"": name})","'2025-08-18T21:48:34.736959Z",,
,,,,,,,,,,,68a39fb2000b3e9a73e8a876,cloudfunctions,0069c7a98820aa7e59108fdb6415fb00672e075f65595f5231cd088bda36a2a87d446b6efb5041529ffb90a33e2f2ea8558ed6df5a98c722f27504e88ee95147003961bbf6d3654522ccec6c8a640f,"'us-docker.pkg.dev/serverless-runtimes/google-22-full/runtimes/python311:python311_20250810_3_11_13_RC00",,"'projects/ora-automation-project-dev/logs/run.googleapis.com%2Fstderr",,,,,,,,,,,,,,,,,,,,,,,,,,,,,,,,,,,,,,,,,,,,,,,,,,,,,,,,,,,,,,,,,,,,,,,,,,,,,,,,,,,,,,,"'2025-08-18T21:48:34.749858944Z","'shipstation-order-uploader","'us-central1","'ora-automation-project-dev","'shipstation-order-uploader-00001-wix","'shipstation-order-uploader",cloud_run_revision,,,"'2025-08-18 21:48:34,722 - src.services.gcp.secret_manager - CRITICAL - An unexpected error occurred while accessing secret 'shipstation-api-key': 403 Permission 'secretmanager.versions.access' denied for resource 'projects/ora-automation-project/secrets/shipstation-api-key/versions/latest' (or it may not exist).","'2025-08-18T21:48:34.736922Z",,
,,,,,,,,,,,68a39fb20006444b12bffef9,cloudfunctions,0069c7a98820aa7e59108fdb6415fb00672e075f65595f5231cd088bda36a2a87d446b6efb5041529ffb90a33e2f2ea8558ed6df5a98c722f27504e88ee95147003961bbf6d3654522ccec6c8a640f,"'us-docker.pkg.dev/serverless-runtimes/google-22-full/runtimes/python311:python311_20250810_3_11_13_RC00",,"'projects/ora-automation-project-dev/logs/run.googleapis.com%2Fstderr",,,,,,,,,,,,,,,,,,,,,,,,,,,,,,,,,,,,,,,,,,,,,,,,,,,,,,,,,,,,,,,,,,,,,,,,,,,,,,,,,,,,,,,"'2025-08-18T21:48:34.749858944Z","'shipstation-order-uploader","'us-central1","'ora-automation-project-dev","'shipstation-order-uploader-00001-wix","'shipstation-order-uploader",cloud_run_revision,,,"'2025-08-18 21:48:34,412 - main - INFO - {'message': 'Starting core order uploader logic execution.'}","'2025-08-18T21:48:34.410699Z",,
,,,,,,,,,,,68a39fb2000643e63455d771,cloudfunctions,0069c7a98820aa7e59108fdb6415fb00672e075f65595f5231cd088bda36a2a87d446b6efb5041529ffb90a33e2f2ea8558ed6df5a98c722f27504e88ee95147003961bbf6d3654522ccec6c8a640f,"'us-docker.pkg.dev/serverless-runtimes/google-22-full/runtimes/python311:python311_20250810_3_11_13_RC00",,"'projects/ora-automation-project-dev/logs/run.googleapis.com%2Fstderr",,,,,,,,,,,,,,,,,,,,,,,,,,,,,,,,,,,,,,,,,,,,,,,,,,,,,,,,,,,,,,,,,,,,,,,,,,,,,,,,,,,,,,,"'2025-08-18T21:48:34.417111408Z","'shipstation-order-uploader","'us-central1","'ora-automation-project-dev","'shipstation-order-uploader-00001-wix","'shipstation-order-uploader",cloud_run_revision,,,"'2025-08-18 21:48:34,411 - main - INFO - {'message': 'Cloud Function received HTTP trigger for order uploader.', 'trigger_type': 'HTTP'}","'2025-08-18T21:48:34.410598Z",,
,0.423925396s,HTTP/1.1,2603:3016:f11:4d00:d5b:ade0:e4b5:966c,GET,907,"'https://us-central1-ora-automation-project-dev.cloudfunctions.net/shipstation-order-uploader",175,2001:4860:4802:36::36,500,"'Mozilla/5.0 (Windows NT 10.0; Win64; x64) AppleWebKit/537.36 (KHTML, like Gecko) Chrome/139.0.0.0 Safari/537.36 Edg/139.0.0.0",68a39fb2000c7b7e9a37d64d,cloudfunctions,0069c7a98820aa7e59108fdb6415fb00672e075f65595f5231cd088bda36a2a87d446b6efb5041529ffb90a33e2f2ea8558ed6df5a98c722f27504e88ee95147003961bbf6d3654522ccec6c8a640f,,,"'projects/ora-automation-project-dev/logs/run.googleapis.com%2Frequests",,,,,,,,,,,,,,,,,,,,,,,,,,,,,,,,,,,,,,,,,,,,,,,,,,,,,,,,,,,,,,,,,,,,,,,,,,,,,,,,,,,,,,,"'2025-08-18T21:48:34.823269543Z","'shipstation-order-uploader","'us-central1","'ora-automation-project-dev","'shipstation-order-uploader-00001-wix","'shipstation-order-uploader",cloud_run_revision,ERROR,5fbbdf6a18c70ab3,,"'2025-08-18T21:48:34.385969Z","'projects/ora-automation-project-dev/traces/82ad33d1144ced0d2802fa1dea5299a5",true
,,,,,,,,,,,"'-tdto4je1ay06",,,,,"'projects/ora-automation-project-dev/logs/cloudaudit.googleapis.com%2Fsystem_event",,,,,,,/InternalServices.CreateInternalService,,,,,"'namespaces/ora-automation-project-dev/services/shipstation-order-uploader",type.googleapis.com/google.cloud.run.v1.Service,serving.knative.dev/v1,Service,,"'shipstation-order-uploader",,,"'us-central1-docker.pkg.dev/serverless-runtimes/google-22-full/runtimes/python311",true,shipstation_order_uploader_http_trigger,,"'us-central1-docker.pkg.dev/ora-automation-project-dev/gcf-artifacts/ora--automation--project--dev__us--central1__shipstation--order--uploader:version_1","'projects/880417139041/locations/us-central1/builds/c237ced1-7791-4203-a496-2d3c87a56a38","'projects/ora-automation-project-dev/serviceAccounts/880417139041-compute@developer.gserviceaccount.com","'gs://gcf-v2-sources-880417139041-us-central1/shipstation-order-uploader/function-source.zip#1755552996862834",gcloud,"'[""https://us-central1-ora-automation-project-dev.cloudfunctions.net/shipstation-order-uploader""]",all,all,"'f03595a3-8497-406c-ae13-cbfe96f16e5a",,"'[""https://shipstation-order-uploader-880417139041.us-central1.run.app"",""https://us-central1-ora-automation-project-dev.cloudfunctions.net/shipstation-order-uploader"",""https://shipstation-order-uploader-6yfpe4vf6a-uc.a.run.app""]","'service-880417139041@gcf-admin-robot.iam.gserviceaccount.com","'service-880417139041@gcf-admin-robot.iam.gserviceaccount.com","'2025-08-18T21:37:58.815917Z",1,"'us-central1",python311,"'shipstation-order-uploader","'us-central1",cloudfunctions,,,,,,,"'shipstation-order-uploader",880417139041,,AAY8qo9KYMI,"'/apis/serving.knative.dev/v1/namespaces/880417139041/services/shipstation-order-uploader","'ca7bedce-a79c-46d5-972e-4513c2e9bbae",,,,,34,HTTP_TRIGGER,"'{""worker"":""us-central1-docker.pkg.dev/serverless-runtimes/google-22-full/runtimes/python311""}",gcloud,true,Default,"'shipstation-order-uploader-00001-wix",1,"'[{""name"":""worker"",""image"":""us-central1-docker.pkg.dev/ora-automation-project-dev/gcf-artifacts/ora--automation--project--dev__us--central1__shipstation--order--uploader:version_1"",""ports"":[{""name"":""http1"",""containerPort"":8080}],""env"":[{""name"":""GCP_PROJECT_ID"",""value"":""ora-automation-project-dev""},{""name"":""LOG_EXECUTION_ID"",""value"":""true""}],""resources"":{""limits"":{""cpu"":""0.5833"",""memory"":""1024M""}},""startupProbe"":{""timeoutSeconds"":240,""periodSeconds"":240,""failureThreshold"":1,""tcpSocket"":{""port"":8080}}}]","'run.googleapis.com/linux-base-image-update","'880417139041-compute@developer.gserviceaccount.com",300,,"'[{""percent"":100,""latestRevision"":true}]","'https://shipstation-order-uploader-6yfpe4vf6a-uc.a.run.app","'[{""type"":""Ready"",""status"":""True"",""lastTransitionTime"":""2025-08-18T21:38:26.387138Z""},{""type"":""ConfigurationsReady"",""status"":""True"",""lastTransitionTime"":""2025-08-18T21:38:18.288226Z""},{""type"":""RoutesReady"",""status"":""True"",""lastTransitionTime"":""2025-08-18T21:38:26.346524Z""}]",,,"'shipstation-order-uploader-00001-wix","'shipstation-order-uploader-00001-wix",,1,"'[{""revisionName"":""shipstation-order-uploader-00001-wix"",""percent"":100,""latestRevision"":true}]","'https://shipstation-order-uploader-6yfpe4vf6a-uc.a.run.app",run.googleapis.com,"'Ready condition status changed to True for Service shipstation-order-uploader.",,"'2025-08-18T21:38:26.954651798Z",,"'us-central1","'ora-automation-project-dev",,"'shipstation-order-uploader",cloud_run_revision,INFO,,,"'2025-08-18T21:38:26.403325Z",,
,,,,,,,,,,,"'-2gbatsduuk6",,,,,"'projects/ora-automation-project-dev/logs/cloudaudit.googleapis.com%2Fsystem_event",,,,,,,/InternalServices.CreateInternalService,,,,,"'namespaces/ora-automation-project-dev/revisions/shipstation-order-uploader-00001-wix",type.googleapis.com/google.cloud.run.v1.Revision,serving.knative.dev/v1,Revision,34,,HTTP_TRIGGER,"'{""worker"":""us-central1-docker.pkg.dev/serverless-runtimes/google-22-full/runtimes/python311""}",,,"'{""worker"":""shipstation_order_uploader_http_trigger""}","'{""worker"":""c237ced1-7791-4203-a496-2d3c87a56a38""}",,,,"'{""worker"":""gs://gcf-v2-sources-880417139041-us-central1/shipstation-order-uploader/function-source.zip#1755552996862834""}",gcloud,,,,"'f03595a3-8497-406c-ae13-cbfe96f16e5a",true,,"'service-880417139041@gcf-admin-robot.iam.gserviceaccount.com",,"'2025-08-18T21:37:58.972852Z",1,"'us-central1",python311,,,cloudfunctions,Default,"'shipstation-order-uploader",1,"'shipstation-order-uploader","'shipstation-order-uploader","'ca7bedce-a79c-46d5-972e-4513c2e9bbae","'shipstation-order-uploader-00001-wix",880417139041,"'[{""kind"":""Configuration"",""name"":""shipstation-order-uploader"",""uid"":""b2bf221d-6887-4728-85bf-3be758c09877"",""apiVersion"":""serving.knative.dev/v1"",""controller"":true,""blockOwnerDeletion"":true}]",AAY8qo7NGPQ,"'/apis/serving.knative.dev/v1/namespaces/880417139041/revisions/shipstation-order-uploader-00001-wix","'bdbc8e11-6c83-4384-b615-947125a91d53",1,"'[{""name"":""worker"",""image"":""us-central1-docker.pkg.dev/ora-automation-project-dev/gcf-artifacts/ora--automation--project--dev__us--central1__shipstation--order--uploader@sha256:6624f0daacae5c327a8b33d184fbc46d568b2272ddff57fefdd0be48e52d12fc"",""ports"":[{""name"":""http1"",""containerPort"":8080}],""env"":[{""name"":""GCP_PROJECT_ID"",""value"":""ora-automation-project-dev""},{""name"":""LOG_EXECUTION_ID"",""value"":""true""}],""resources"":{""limits"":{""cpu"":""0.5833"",""memory"":""1024M""}},""startupProbe"":{""timeoutSeconds"":240,""periodSeconds"":240,""failureThreshold"":1,""tcpSocket"":{""port"":8080}}}]","'run.googleapis.com/linux-base-image-update","'880417139041-compute@developer.gserviceaccount.com",,,,,,,,,,,,,300,,,"'[{""type"":""Ready"",""status"":""True"",""message"":""Deploying revision succeeded in 19.2s."",""lastTransitionTime"":""2025-08-18T21:38:18.176756Z""},{""type"":""ContainerHealthy"",""status"":""True"",""message"":""Containers became healthy in 3.2s."",""lastTransitionTime"":""2025-08-18T21:38:18.116079Z""},{""type"":""ContainerReady"",""status"":""True"",""message"":""Container image import completed in 13.09s."",""lastTransitionTime"":""2025-08-18T21:38:13.001851Z""},{""type"":""ResourcesAvailable"",""status"":""True"",""message"":""Provisioning imported containers completed in 1.57s. Checking container health. This will wait for up to 4m for the configured startup probe, including an initial delay of 0s."",""lastTransitionTime"":""2025-08-18T21:38:14.573189Z""}]","'[{""name"":""worker"",""imageDigest"":""us-central1-docker.pkg.dev/ora-automation-project-dev/gcf-artifacts/ora--automation--project--dev__us--central1__shipstation--order--uploader@sha256:6624f0daacae5c327a8b33d184fbc46d568b2272ddff57fefdd0be48e52d12fc""}]","'us-central1-docker.pkg.dev/ora-automation-project-dev/gcf-artifacts/ora--automation--project--dev__us--central1__shipstation--order--uploader@sha256:6624f0daacae5c327a8b33d184fbc46d568b2272ddff57fefdd0be48e52d12fc",,,"'https://console.cloud.google.com/logs/viewer?project=ora-automation-project-dev&resource=cloud_run_revision/service_name/shipstation-order-uploader/revision_name/shipstation-order-uploader-00001-wix&advancedFilter=resource.type%3D%22cloud_run_revision%22%0Aresource.labels.service_name%3D%22shipstation-order-uploader%22%0Aresource.labels.revision_name%3D%22shipstation-order-uploader-00001-wix%22",1,,,run.googleapis.com,"'Ready condition status changed to True for Revision shipstation-order-uploader-00001-wix with message: Deploying revision succeeded in 19.2s.",,"'2025-08-18T21:38:18.911457163Z","'shipstation-order-uploader","'us-central1","'ora-automation-project-dev","'shipstation-order-uploader-00001-wix","'shipstation-order-uploader",cloud_run_revision,INFO,,,"'2025-08-18T21:38:18.190197Z",,
,,,,,,,,,,,68a39d4a000186022baaf841,cloudfunctions,0069c7a98820aa7e59108fdb6415fb00672e075f65595f5231cd088bda36a2a87d446b6efb5041529ffb90a33e2f2ea8558ed6df5a98c722f27504e88ee95147003961bbf6d3654522ccec6c8a640f,"'us-docker.pkg.dev/serverless-runtimes/google-22-full/runtimes/python311:python311_20250810_3_11_13_RC00",,"'projects/ora-automation-project-dev/logs/run.googleapis.com%2Fvarlog%2Fsystem",,,,,,,,,,,,,,,,,,,,,,,,,,,,,,,,,,,,,,,,,,,,,,,,,,,,,,,,,,,,,,,,,,,,,,,,,,,,,,,,,,,,,,,"'2025-08-18T21:38:18.408432338Z","'shipstation-order-uploader","'us-central1","'ora-automation-project-dev","'shipstation-order-uploader-00001-wix","'shipstation-order-uploader",cloud_run_revision,INFO,,"'Default STARTUP TCP probe succeeded after 1 attempt for container ""worker"" on port 8080.","'2025-08-18T21:38:18.099842Z",,
,,,,,,,,,,,68a39d4a00009886f07fea08,cloudfunctions,0069c7a98820aa7e59108fdb6415fb00672e075f65595f5231cd088bda36a2a87d446b6efb5041529ffb90a33e2f2ea8558ed6df5a98c722f27504e88ee95147003961bbf6d3654522ccec6c8a640f,"'us-docker.pkg.dev/serverless-runtimes/google-22-full/runtimes/python311:python311_20250810_3_11_13_RC00",,"'projects/ora-automation-project-dev/logs/run.googleapis.com%2Fstderr",,,,,,,,,,,,,,,,,,,,,,,,,,,,,,,,,,,,,,,,,,,,,,,,,,,,,,,,,,,,,,,,,,,,,,,,,,,,,,,,,,,,,,,"'2025-08-18T21:38:18.044026220Z","'shipstation-order-uploader","'us-central1","'ora-automation-project-dev","'shipstation-order-uploader-00001-wix","'shipstation-order-uploader",cloud_run_revision,,,"'2025-08-18 21:38:18,039 - main - INFO - Service Account Key Path: None","'2025-08-18T21:38:18.039046Z",,
,,,,,,,,,,,68a39d4a00009847286b40cc,cloudfunctions,0069c7a98820aa7e59108fdb6415fb00672e075f65595f5231cd088bda36a2a87d446b6efb5041529ffb90a33e2f2ea8558ed6df5a98c722f27504e88ee95147003961bbf6d3654522ccec6c8a640f,"'us-docker.pkg.dev/serverless-runtimes/google-22-full/runtimes/python311:python311_20250810_3_11_13_RC00",,"'projects/ora-automation-project-dev/logs/run.googleapis.com%2Fstderr",,,,,,,,,,,,,,,,,,,,,,,,,,,,,,,,,,,,,,,,,,,,,,,,,,,,,,,,,,,,,,,,,,,,,,,,,,,,,,,,,,,,,,,"'2025-08-18T21:38:18.044026220Z","'shipstation-order-uploader","'us-central1","'ora-automation-project-dev","'shipstation-order-uploader-00001-wix","'shipstation-order-uploader",cloud_run_revision,,,"'2025-08-18 21:38:18,039 - main - INFO - Environment detected: CLOUD","'2025-08-18T21:38:18.038983Z",,
,,,,,,,,,,,68a39d4a000097c65b16a979,cloudfunctions,0069c7a98820aa7e59108fdb6415fb00672e075f65595f5231cd088bda36a2a87d446b6efb5041529ffb90a33e2f2ea8558ed6df5a98c722f27504e88ee95147003961bbf6d3654522ccec6c8a640f,"'us-docker.pkg.dev/serverless-runtimes/google-22-full/runtimes/python311:python311_20250810_3_11_13_RC00",,"'projects/ora-automation-project-dev/logs/run.googleapis.com%2Fstderr",,,,,,,,,,,,,,,,,,,,,,,,,,,,,,,,,,,,,,,,,,,,,,,,,,,,,,,,,,,,,,,,,,,,,,,,,,,,,,,,,,,,,,,"'2025-08-18T21:38:18.044026220Z","'shipstation-order-uploader","'us-central1","'ora-automation-project-dev","'shipstation-order-uploader-00001-wix","'shipstation-order-uploader",cloud_run_revision,,,"'2025-08-18 21:38:18,039 - root - INFO - Logging environment: CLOUD","'2025-08-18T21:38:18.038854Z",,
,,,,,,,,,,,68a39d46000b48fd12babccd,cloudfunctions,,,DEPLOYMENT_ROLLOUT,"'projects/ora-automation-project-dev/logs/run.googleapis.com%2Fvarlog%2Fsystem",,,,,,,,,,,,,,,,,,,,,,,,,,,,,,,,,,,,,,,,,,,,,,,,,,,,,,,,,,,,,,,,,,,,,,,,,,,,,,,,,,,,,,,"'2025-08-18T21:38:14.746853851Z","'shipstation-order-uploader","'us-central1","'ora-automation-project-dev","'shipstation-order-uploader-00001-wix","'shipstation-order-uploader",cloud_run_revision,INFO,,"'Starting new instance. Reason: DEPLOYMENT_ROLLOUT - Instance started due to traffic shifting between revisions due to deployment, traffic split adjustment, or deployment health check.","'2025-08-18T21:38:14.739581Z",,
,,,,,,,,,,,gdik79dt15q,,,,,"'projects/ora-automation-project-dev/logs/cloudaudit.googleapis.com%2Factivity","'service-880417139041@gcf-admin-robot.iam.gserviceaccount.com","'[true,true]","'[""run.services.create"",""run.services.create""]","'[""ADMIN_WRITE"",""ADMIN_WRITE""]","'[""namespaces/ora-automation-project-dev/services/shipstation-order-uploader"",""namespaces/ora-automation-project-dev/services/shipstation-order-uploader""]","'["""",{""service"":""run.googleapis.com/"",""name"":""namespaces/ora-automation-project-dev/services/shipstation-order-uploader"",""type"":""run.googleapis.com/Service""}]",google.cloud.serverless.internal.InternalServices.CreateInternalService,,,"'2025-08-18T21:37:58.893921Z","'[""us-central1""]","'namespaces/ora-automation-project-dev/services/shipstation-order-uploader",,,,,,,,,,,,,,,,,,,,,,,,,,,,,,,,,,,,,,,,,,,,,,,,,,,,,,,,,,,,,,,,,,,,,,,,run.googleapis.com,,,"'2025-08-18T21:37:58.929817260Z",,"'us-central1","'ora-automation-project-dev",,"'shipstation-order-uploader",cloud_run_revision,NOTICE,,,"'2025-08-18T21:37:58.656221Z",,
,,,,,,,,,,,"'-vmmjmcdw7z0",,,,,"'projects/ora-automation-project-dev/logs/cloudaudit.googleapis.com%2Factivity","'service-880417139041@gcf-admin-robot.iam.gserviceaccount.com","'[true,true]","'[""run.services.create"",""run.services.create""]","'[""ADMIN_WRITE"",""ADMIN_WRITE""]","'[""namespaces/ora-automation-project-dev/services/shipstation-order-uploader"",""namespaces/ora-automation-project-dev/services/shipstation-order-uploader""]","'["""",{""service"":""run.googleapis.com/"",""name"":""namespaces/ora-automation-project-dev/services/shipstation-order-uploader"",""type"":""run.googleapis.com/Service""}]",google.cloud.serverless.internal.InternalServices.CreateInternalService,,,"'2025-08-18T21:36:37.104059Z","'[""us-central1""]","'namespaces/ora-automation-project-dev/services/shipstation-order-uploader",,,,,,,,,,,,,,,,,,,,,,,,,,,,,,,,,,,,,,,,,,,,,,,,,,,,,,,,,,,,,,,,,,,,,,,,run.googleapis.com,,,"'2025-08-18T21:36:37.314855264Z",,"'us-central1","'ora-automation-project-dev",,"'shipstation-order-uploader",cloud_run_revision,NOTICE,,,"'2025-08-18T21:36:36.916895Z",,